backend,points,scale,modulation,weighted_mass_linf,local_mass_linf,commutator_mass_linf,defect_linf,defect_l1,defect_signed_volume,divergence_linf_trusted,curl_error_linf_trusted,product_rule_max_error
gpu,257,0.5,0.0,0.24367277160313955,2.3085151912489478e-07,0.2436725407516204,0.24367254075162043,0.08408885791968107,-0.08408885791968107,2.237489709496103,0.16210952996149255,0.03807986194540394
gpu,129,0.5,0.0,0.24367313646128158,1.9352961870439892e-05,0.24365378349941114,0.24365378349941114,0.08408238780067112,-0.08408238780067112,6.908111588788191,0.5001702711365729,0.11594496529636764
gpu,193,0.5,0.0,0.24367277074384502,3.371723136525763e-06,0.24367614246698155,0.24367614246698155,0.08409010074134618,-0.08409010074134618,3.674415996075311,0.2660774679046204,0.062410024779103554
gpu,257,0.5,0.25,0.3045909645039244,2.885643989121358e-07,0.3045906759395255,0.3045906759395255,0.0889011551905182,-0.0889011551905182,2.0081635641189575,0.20263691245186577,0.04759982743175494
gpu,129,0.5,0.25,0.30459142057660193,2.4191202338028073e-05,0.30456722937426395,0.3045672293742639,0.08889431585489058,-0.08889431585489058,6.202113055486864,0.6252128389207163,0.14493120662045958
gpu,193,0.5,0.25,0.3045909634298063,4.214653920658288e-06,0.30459517808372694,0.30459517808372694,0.08890246910228358,-0.08890246910228358,3.30680521925,0.3325968348807755,0.07801253097387946
gpu,257,1.0,0.0,0.2808831434033089,2.731229838476767e-07,0.280882870280325,0.28088287028032505,0.10310328771675273,-0.10310328771675273,2.9421551170339333,0.19128763968405738,0.044928269947944174
gpu,129,1.0,0.0,0.2808836625887492,2.3347602981435133e-05,0.2808603149857677,0.28086031498576775,0.10309500936350402,-0.10309500936350402,9.034792621293661,0.5876463403991399,0.1362028594287218
gpu,193,1.0,0.0,0.2808831422550206,4.014861321009408e-06,0.2808871571163416,0.2808871571163416,0.10310486124710642,-0.10310486124710642,4.811051837021528,0.3127731827060257,0.07334849137240007
gpu,257,1.0,0.25,0.3511039292541361,3.414037298138514e-07,0.35110358785040624,0.3511035878504063,0.12202085276908345,-0.12202085276908345,3.332698625673843,0.23910954960507158,0.05616033743493022
gpu,129,1.0,0.25,0.35110457823593644,2.918450372679229e-05,0.35107539373220964,0.35107539373220964,0.12201105782810291,-0.12201105782810291,10.245211199859305,0.7345579254989246,0.1702535742859022
gpu,193,1.0,0.25,0.35110392781877575,5.018576651264362e-06,0.351108946395427,0.351108946395427,0.12202271493641566,-0.12202271493641566,5.446836007141351,0.39096647838253196,0.09168561421550006
gpu,257,2.0,0.0,0.2910524235024967,2.848385108629838e-07,0.2910521386639858,0.2910521386639858,0.10855866292035768,-0.10855866292035768,3.1615246654921325,0.1993671827825067,0.04682446668420507
gpu,129,2.0,0.0,0.29105298783229927,2.4471121421688977e-05,0.2910285167108776,0.2910285167108776,0.10854985250792895,-0.10854985250792895,9.706853098326393,0.6118040168569618,0.14179678610138122
gpu,193,2.0,0.0,0.2910524222794939,4.1942835839704415e-06,0.2910566165630779,0.29105661656307785,0.10856033310960103,-0.10856033310960103,5.169578825399829,0.3256718173750122,0.0763695935301008
gpu,257,2.0,0.25,0.3638155293781209,3.560481385805458e-07,0.36381517332998226,0.3638151733299823,0.13373612504473148,-0.13373612504473148,3.8423170711483827,0.24920897847813345,0.05853058335525632
gpu,129,2.0,0.25,0.36381623479037417,3.0588901777105475e-05,0.36378564588859696,0.3637856458885971,0.13372527212534685,-0.13372527212534685,11.790542626409778,0.7647550210712024,0.1772459826267265
gpu,193,2.0,0.25,0.36381552784936744,5.242854479971075e-06,0.3638207707038474,0.3638207707038474,0.13373818256453784,-0.13373818256453784,6.27928481844873,0.4070897717187654,0.09546199191262596
